{
  "$schema": "https://schema.management.azure.com/schemas/0.1.2-preview/CreateUIDefinition.MultiVm.json#",
  "handler": "Microsoft.Azure.CreateUIDef",
  "version": "0.1.2-preview",
  "parameters": {
    "basics": [
      {}
    ],
    "steps": [
      {
        "name": "test",
        "label": "Parameters go here",
        "subLabel": {
          "preValidation": "Nothing to configure :)",
          "postValidation": "Completed"
        },
      }
    ],
    "outputs": {
      "location": "[location()]"
    }
  }
}
