{
  "$schema": "https://schema.management.azure.com/schemas/2019-04-01/deploymentTemplate.json#",
  "contentVersion": "1.0.0.0",
  "parameters": {
    "location": {
      "type": "string",
      "defaultValue": "[resourceGroup().location]"
    }
  },
  "variables": {
    "vnetName": "[format('{0}{1}', 'grabarz', uniqueString(resourceGroup().id))]"
  },
  "resources": [
    {
      "type": "Microsoft.Network/virtualNetworks",
      "apiVersion": "2021-08-01",
      "name": "[variables('vnetName')]",
      "location": "[parameters('location')]",
      "properties": {
        "addressSpace": {
          "addressPrefixes": [
            "10.0.0.0/8"
          ]
        },
        "subnets": [
          {
            "name": "demo",
            "properties": {
              "addressPrefix": "10.0.0.0/24"
            }
          },
          {
            "name": "demo2",
            "properties": {
              "addressPrefix": "10.0.1.0/24"
            }
          }
        ]
      }
    }
  ],
  "outputs": {
    "vnetName": {
      "type": "string",
      "value": "[variables('vnetName')]"
    }
  }
}
